"anio","mes","division","indice"
2011,4,1,37.42471221355
2011,4,2,78.0530973451327
2011,4,3,83.8017628471644
2011,4,4,80.2825600247046
2011,4,5,76.7805618830675
2011,4,6,74.1907133440749
2011,4,7,77.0785219399538
2011,4,8,90.4663491778237
2011,4,9,76.9800656839532
2011,4,10,94.4158156094818
2011,4,11,67.0853440867323
2011,4,12,79.1680449806302
2011,4,13,74.6962021686745
2011,5,1,37.6741865355144
2011,5,2,78.6071565986918
2011,5,3,84.042907034758
2011,5,4,81.2244267737203
2011,5,5,76.9855732725892
2011,5,6,74.4250769005419
2011,5,7,77.4032909930715
2011,5,8,90.5472189774463
2011,5,9,76.7509356144504
2011,5,10,94.4158156094818
2011,5,11,67.4357109803662
2011,5,12,79.2823202062789
2011,5,13,74.9119663830956
2011,6,1,38.4047899069817
2011,6,2,79.7152751058099
2011,6,3,84.3339431232329
2011,6,4,80.4910059445688
2011,6,5,77.1450265755504
2011,6,6,74.549582539915
2011,6,7,76.9919168591223
2011,6,8,90.6101177104861
2011,6,9,77.0640800427709
2011,6,10,94.4158156094818
2011,6,11,67.8455741389568
2011,6,12,79.2664382964483
2011,6,13,75.0168224945945
2011,7,1,39.4383263836915
2011,7,2,80.6617929973066
2011,7,3,84.5834026276401
2011,7,4,80.6145294526364
2011,7,5,77.2817008352315
2011,7,6,74.6887359015673
2011,7,7,77.1146073903002
2011,7,8,90.6011321771947
2011,7,9,77.2550217673566
2011,7,10,94.462662793966
2011,7,11,68.2289945131222
2011,7,12,79.2856467575044
2011,7,13,75.0609347883579
2011,8,1,39.9622224598168
2011,8,2,80.9542131589072
2011,8,3,84.8245468152336
2011,8,4,81.0005404153478
2011,8,5,77.6385725132877
2011,8,6,74.8791562911967
2011,8,7,77.4105080831408
2011,8,8,90.5472189774463
2011,8,9,77.2015580844726
2011,8,10,94.462662793966
2011,8,11,68.5066437495868
2011,8,12,79.3099135279525
2011,8,13,75.2328473881534
2011,9,1,39.7875904344417
2011,9,2,80.8464794151596
2011,9,3,85.0324297355729
2011,9,4,81.0931830463985
2011,9,5,77.8587699316628
2011,9,6,75.2233777647575
2011,9,7,77.0640877598152
2011,9,8,90.5741755773205
2011,9,9,77.2702971053234
2011,9,10,94.462662793966
2011,9,11,68.6454683678191
2011,9,12,79.3132291130175
2011,9,13,75.5005612663396
2011,10,1,39.6949285434263
2011,10,2,80.7926125432858
2011,10,3,85.3068351904207
2011,10,4,81.2244267737203
2011,10,5,77.9347000759301
2011,10,6,75.3698549875494
2011,10,7,76.6454965357967
2011,10,8,90.5741755773205
2011,10,9,77.2932101122737
2011,10,10,94.5095099784502
2011,10,11,68.7644608977325
2011,10,12,79.3191861999741
2011,10,13,75.5860727760268
2011,11,1,39.7555151644748
2011,11,2,80.8310888803385
2011,11,3,85.4481955762514
2011,11,4,81.6181579556859
2011,11,5,78.048595292331
2011,11,6,75.574923099458
2011,11,7,76.9558314087759
2011,11,8,90.5831611106119
2011,11,9,77.2932101122737
2011,11,10,94.5469877260376
2011,11,11,69.0222780458782
2011,11,12,79.2635940324866
2011,11,13,75.6994300062982
2011,12,1,39.9444028653907
2011,12,2,80.7772220084648
2011,12,3,85.6394478629635
2011,12,4,81.7108005867366
2011,12,5,78.215641609719
2011,12,6,75.7067525999707
2011,12,7,76.4795034642032
2011,12,8,90.6011321771947
2011,12,9,78.0264263346826
2011,12,10,94.5469877260376
2011,12,11,69.1743240563231
2011,12,12,79.2216806955601
2011,12,13,75.8428128911827
2012,1,1,39.8838162443422
2012,1,2,80.8541746825702
2012,1,3,85.9138533178114
2012,1,4,81.8806454103296
2012,1,5,78.466211085801
2012,1,6,75.8239343782041
2012,1,7,76.3135103926097
2012,1,8,90.6191032437775
2012,1,9,78.2861070801191
2012,1,10,94.9311346388081
2012,1,11,69.4453625966814
2012,1,12,79.4202539161652
2012,1,13,76.0475098057208
2012,2,1,40.1332905663067
2012,2,2,80.9619084263178
2012,2,3,86.0635290204556
2012,2,4,81.8806454103296
2012,2,5,78.800303720577
2012,2,6,76.2267467408817
2012,2,7,77.6342378752886
2012,2,8,90.6191032437775
2012,2,9,78.5305124875887
2012,2,10,94.940504075705
2012,2,11,69.7164011370397
2012,2,12,80.6692637921619
2012,2,13,76.2707074972565
2012,3,1,40.3970205638119
2012,3,2,81.2158522508657
2012,3,3,86.3129885248627
2012,3,4,80.9773797575851
2012,3,5,79.1040242976461
2012,3,6,76.4830818807675
2012,3,7,78.7601039260969
2012,3,8,90.5651900440291
2012,3,9,78.606889177423
2012,3,10,94.9498735126018
2012,3,11,69.8618364513783
2012,3,12,81.0836183772287
2012,3,13,76.5918029925534
2012,4,1,40.6393670480059
2012,4,2,81.3697575990765
2012,4,3,86.5042408115749
2012,4,4,80.259399366942
2012,4,5,79.552012148823
2012,4,6,76.5929397978614
2012,4,7,79.7704965357967
2012,4,8,90.4663491778237
2012,4,9,79.3935690827159
2012,4,10,94.9498735126018
2012,4,11,70.1064322073114
2012,4,12,81.0913291546726
2012,4,13,77.0049734031911
2012,5,1,40.6500588046616
2012,5,2,81.6544824932666
2012,5,3,86.637285880592
2012,5,4,80.9464988805682
2012,5,5,79.8101746393318
2012,5,6,76.8199794931888
2012,5,7,79.0127020785219
2012,5,8,90.475334711115
2012,5,9,79.2408157030474
2012,5,10,94.9592429494987
2012,5,11,70.4303563165201
2012,5,12,80.9177406523311
2012,5,13,77.5626631687631
2012,6,1,40.9743754232153
2012,6,2,81.9392073874567
2012,6,3,86.7952769000498
2012,6,4,80.8924573457886
2012,6,5,80.2126044039483
2012,6,6,76.995752160539
2012,6,7,77.4032909930715
2012,6,8,90.4843202444065
2012,6,9,79.3324677308485
2012,6,10,95.0154595708797
2012,6,11,70.5757916308587
2012,6,12,80.8926080028
2012,6,13,77.8565833107778
2012,7,1,41.2487971773762
2012,7,2,82.2008464794151
2012,7,3,86.9532679195077
2012,7,4,80.668570987416
2012,7,5,80.4252088078967
2012,7,6,77.1715248278892
2012,7,7,77.8940531177829
2012,7,8,90.6820019768173
2012,7,9,79.5004964484839
2012,7,10,95.0435678815703
2012,7,11,70.7344483374099
2012,7,12,82.3538479976416
2012,7,13,78.2133046263262
2012,8,1,41.5160910937667
2012,8,2,82.3778376298576
2012,8,3,87.2359886911691
2012,8,4,80.9464988805682
2012,8,5,80.7441154138193
2012,8,6,77.3472974952394
2012,8,7,78.6229792147805
2012,8,8,90.6101177104861
2012,8,9,79.5845108073016
2012,8,10,95.0435678815703
2012,8,11,70.9327692205989
2012,8,12,82.3926704438942
2012,8,13,78.5676030286751
2012,9,1,41.8546633878612
2012,9,2,82.4240092343208
2012,9,3,87.4854481955762
2012,9,4,80.1899173936539
2012,9,5,80.9491268033409
2012,9,6,77.5230701625897
2012,9,7,80.2468244803695
2012,9,8,90.5831611106119
2012,9,9,79.8518292217215
2012,9,10,95.0435678815703
2012,9,11,71.2104184570635
2012,9,12,82.4632567098081
2012,9,13,78.9728556611982
2012,10,1,41.9687087921878
2012,10,2,82.1085032704886
2012,10,3,87.7349076999833
2012,10,4,79.410175248977
2012,10,5,81.1313591495823
2012,10,6,77.6768712465211
2012,10,7,79.9725750577367
2012,10,8,90.4214215113666
2012,10,9,79.9816695944397
2012,10,10,95.0529373184671
2012,10,11,71.4484035168903
2012,10,12,82.7695068844134
2012,10,13,79.2949157288826
2012,11,1,42.1219573042517
2012,11,2,81.362062331666
2012,11,3,87.9677365707633
2012,11,4,79.8733884042306
2012,11,5,81.3515565679574
2012,11,6,77.8746154972901
2012,11,7,78.0528290993071
2012,11,8,90.385479378201
2012,11,9,79.9969449324066
2012,11,10,95.0810456291576
2012,11,11,71.507899781847
2012,11,12,82.7161287623562
2012,11,13,79.4783149249693
2012,12,1,42.3464841940197
2012,12,2,80.015390534821
2012,12,3,88.2754032928654
2012,12,4,81.5177951053809
2012,12,5,81.5489749430524
2012,12,6,77.9698256921048
2012,12,7,78.1394341801385
2012,12,8,90.4214215113666
2012,12,9,80.6003207820972
2012,12,10,95.0904150660545
2012,12,11,71.6467244000793
2012,12,12,83.8276762495698
2012,12,13,79.5604182485572
2013,1,1,42.7100039203107
2013,1,2,79.5690650250096
2013,1,3,88.4832862132047
2013,1,4,82.0196093569057
2013,1,5,81.7008352315869
2013,1,6,78.1968653874322
2013,1,7,78.3270785219399
2013,1,8,90.340551711744
2013,1,9,80.6461467959978
2013,1,10,95.5495174739998
2013,1,11,72.0764196469888
2013,1,12,83.712535144838
2013,1,13,79.7569317229879
2013,2,1,43.3158701307958
2013,2,2,79.2535590611773
2013,2,3,88.6495925494761
2013,2,4,82.7144290897861
2013,2,5,81.7691723614274
2013,2,6,78.4092573604804
2013,2,7,79.5972863741339
2013,2,8,90.430407044658
2013,2,9,80.936378217368
2013,2,10,95.6151035322777
2013,2,11,72.3144047068156
2013,2,12,83.6648784491856
2013,2,13,80.033058902545
2013,3,1,43.7542321536761
2013,3,2,79.1150442477876
2013,3,3,88.8075835689339
2013,3,4,83.3474870686327
2013,3,5,81.8223234624145
2013,3,6,78.5410868609931
2013,3,7,79.6838914549653
2013,3,8,90.4214215113666
2013,3,9,80.9822042312686
2013,3,10,95.830600580905
2013,3,11,72.367290275666
2013,3,12,83.5762071941714
2013,3,13,80.2699652295247
2013,4,1,43.9217363412808
2013,4,2,78.9688341669873
2013,4,3,89.0237818060868
2013,4,4,83.6485756195475
2013,4,5,81.9514047076689
2013,4,6,78.7241833894829
2013,4,7,79.0776558891454
2013,4,8,90.4483781112408
2013,4,9,80.989841900252
2013,4,10,95.9805115712545
2013,4,11,72.5061148938983
2013,4,12,83.5285614646795
2013,4,13,80.5661327257616
2013,5,1,44.1783385010157
2013,5,2,79.2997306656406
2013,5,3,89.1318809246632
2013,5,4,83.903342854937
2013,5,5,82.1488230827638
2013,5,6,78.8779844734143
2013,5,7,78.8755773672055
2013,5,8,90.4483781112408
2013,5,9,81.1731459558542
2013,5,10,96.008619881945
2013,5,11,72.6052753354928
2013,5,12,83.4526812288222
2013,5,13,80.751031988654
2013,6,1,44.7271820093374
2013,6,2,79.3459022701038
2013,6,3,89.2732413104939
2013,6,4,84.9455724542577
2013,6,5,82.2095671981776
2013,6,6,79.0830525853229
2013,6,7,79.0560046189376
2013,6,8,90.4034504447839
2013,6,9,80.8981898724509
2013,6,10,96.008619881945
2013,6,11,72.7969855225755
2013,6,12,83.33974320336
2013,6,13,81.0474339823759
2013,7,1,44.9231975480238
2013,7,2,79.2227779915352
2013,7,3,89.464493597206
2013,7,4,84.9841735505288
2013,7,5,82.3234624145786
2013,7,6,79.2515013915336
2013,7,7,79.8065819861431
2013,7,8,90.3675083116182
2013,7,9,81.1044069350034
2013,7,10,96.1116836878103
2013,7,11,72.763932042044
2013,7,12,83.3556360793511
2013,7,13,81.2513133079143
2013,8,1,44.9766563313019
2013,8,2,78.8072335513659
2013,8,3,89.5143854980874
2013,8,4,84.6290434648344
2013,8,5,82.4069855732725
2013,8,6,79.3760070309066
2013,8,7,80.513856812933
2013,8,8,90.3675083116182
2013,8,9,81.2724356526388
2013,8,10,96.0929448140166
2013,8,11,73.0151384940834
2013,8,12,83.2109342342277
2013,8,13,81.4318062538753
2013,9,1,45.2475141665775
2013,9,2,78.5917660638707
2013,9,3,89.5892233494096
2013,9,4,84.9764533312745
2013,9,5,82.6119969627942
2013,9,6,79.5371319759777
2013,9,7,80.4849884526558
2013,9,8,90.3675083116182
2013,9,9,81.3564500114565
2013,9,10,96.0929448140166
2013,9,11,73.0349705824023
2013,9,12,83.057409105865
2013,9,13,81.5717083871277
2013,10,1,45.2653337610036
2013,10,2,78.283955367449
2013,10,3,89.7222684184267
2013,10,4,85.262101443681
2013,10,5,82.6879271070615
2013,10,6,79.6323421707924
2013,10,7,79.2364318706697
2013,10,8,90.385479378201
2013,10,9,81.868173833346
2013,10,10,96.1116836878103
2013,10,11,73.1341310239968
2013,10,12,83.3658952582216
2013,10,13,81.7314064496913
2013,11,1,46.0422680779785
2013,11,2,78.653328203155
2013,11,3,89.8469981706303
2013,11,4,84.82204894619
2013,11,5,82.8321943811693
2013,11,6,79.7495239490259
2013,11,7,78.2476905311778
2013,11,8,90.3764938449096
2013,11,9,81.761246467578
2013,11,10,96.2709641150566
2013,11,11,73.4778872215244
2013,11,12,84.7808376899184
2013,11,13,81.9221629285416
2013,12,1,46.0672155101749
2013,12,2,78.8303193535975
2013,12,3,89.9384666555795
2013,12,4,85.231220566664
2013,12,5,82.8777524677296
2013,12,6,79.8520580049802
2013,12,7,79.6478060046189
2013,12,8,90.385479378201
2013,12,9,81.9369128541968
2013,12,10,96.2709641150566
2013,12,11,73.5902690553315
2013,12,12,84.9129951425973
2013,12,13,82.0039655043388
2014,1,1,46.224027941124
2014,1,2,79.0611773759138
2014,1,3,90.0631964077831
2014,1,4,85.401065390257
2014,1,5,82.9081245254366
2014,1,6,79.9179727552365
2014,1,7,80.0303117782909
2014,1,8,90.3764938449096
2014,1,9,81.9063621782631
2014,1,10,96.7394359598987
2014,1,11,73.8943610762213
2014,1,12,84.9844801860759
2014,1,13,82.1618330609902
2014,2,1,46.4093517231547
2014,2,2,79.0227010388611
2014,2,3,90.2128721104273
2014,2,4,85.6481124063923
2014,2,5,83.0144267274107
2014,2,6,79.998535227772
2014,2,7,79.7127598152424
2014,2,8,90.3495372450354
2014,2,9,82.1202169097991
2014,2,10,96.8050220181767
2014,2,11,73.9803001256032
2014,2,12,89.0224863650508
2014,2,13,82.2555502711476
2014,3,1,46.4948857763997
2014,3,2,78.9688341669873
2014,3,3,90.3126559121902
2014,3,4,86.0572840268663
2014,3,5,83.1586940015186
2014,3,6,80.196279478541
2014,3,7,80.0519630484988
2014,3,8,90.3585227783269
2014,3,9,82.387535324219
2014,3,10,96.8331303288672
2014,3,11,74.0397963905599
2014,3,12,89.2755282811875
2014,3,13,82.4337893201813
2014,4,1,46.5839837485298
2014,4,2,79.0380915736821
2014,4,3,90.4623316148345
2014,4,4,86.0572840268663
2014,4,5,83.2953682611996
2014,4,6,80.430643035008
2014,4,7,80.3839491916859
2014,4,8,90.3675083116182
2014,4,9,82.6701290766058
2014,4,10,96.8518692026609
2014,4,11,74.2315065776426
2014,4,12,89.3090567574966
2014,4,13,82.5483111194709
2014,5,1,46.897608610428
2014,5,2,78.9688341669873
2014,5,3,90.5621154165973
2014,5,4,85.8488381070022
2014,5,5,83.4168564920273
2014,5,6,80.7309213417313
2014,5,7,80.2973441108545
2014,5,8,90.3675083116182
2014,5,9,82.6166653937218
2014,5,10,96.9080858240419
2014,5,11,74.3108349309182
2014,5,12,89.2049420152736
2014,5,13,82.6990645458459
2014,6,1,47.4785273887166
2014,6,2,79.1304347826087
2014,6,3,90.6203226342923
2014,6,4,85.9878020535783
2014,6,5,83.5307517084282
2014,6,6,80.8407792588252
2014,6,7,80.7953233256351
2014,6,8,90.3675083116182
2014,6,9,82.8916214771251
2014,6,10,96.8987163871451
2014,6,11,74.3306670192371
2014,6,12,89.2402351482305
2014,6,13,82.8768934517592
2014,7,1,48.1271606258241
2014,7,2,79.191996921893
2014,7,3,90.6702145351737
2014,7,4,86.1344862194086
2014,7,5,83.6522399392558
2014,7,6,80.9579610370587
2014,7,7,81.2283487297921
2014,7,8,90.3675083116182
2014,7,9,82.9374474910257
2014,7,10,96.9549330085261
2014,7,11,74.4628809413631
2014,7,12,89.2049420152736
2014,7,13,82.9392584196747
2014,8,1,48.8363804839801
2014,8,2,79.545979222778
2014,8,3,90.7450523864959
2014,8,4,86.1653670964255
2014,8,5,83.7813211845102
2014,8,6,81.0897905375714
2014,8,7,80.2468244803695
2014,8,8,90.340551711744
2014,8,9,82.9221721530588
2014,8,10,96.9736718823198
2014,8,11,74.6017055595954
2014,8,12,89.3090567574966
2014,8,13,83.0774074870795
2014,9,1,48.9219145372251
2014,9,2,80.1231242785686
2014,9,3,90.9030434059537
2014,9,4,86.149926657917
2014,9,5,83.7965072133637
2014,9,6,81.1996484546653
2014,9,7,79.7055427251732
2014,9,8,90.3764938449096
2014,9,9,83.2811425952799
2014,9,10,96.9736718823198
2014,9,11,74.6479804323395
2014,9,12,89.5793397159714
2014,9,13,83.230850831851
2014,10,1,49.2783064257457
2014,10,2,80.469411312043
2014,10,3,90.9778812572758
2014,10,4,86.1113255616459
2014,10,5,83.8876233864844
2014,10,6,81.2875347883404
2014,10,7,78.6301963048498
2014,10,8,90.3944649114924
2014,10,9,83.5484610096998
2014,10,10,96.9736718823198
2014,10,11,74.6876446089773
2014,10,12,89.4904328004056
2014,10,13,83.3920507702133
2014,11,1,49.8057664207562
2014,11,2,80.6540977298961
2014,11,3,91.0444037917844
2014,11,4,85.6403921871381
2014,11,5,83.9028094153378
2014,11,6,81.4779551779698
2014,11,7,77.2589491916859
2014,11,8,90.4034504447839
2014,11,9,84.0678225005728
2014,11,10,96.9736718823198
2014,11,11,74.8000264427844
2014,11,12,89.4546902786663
2014,11,13,83.4829287171467
2014,12,1,50.0017819594426
2014,12,2,80.5925355906117
2014,12,3,91.2190254448694
2014,12,4,84.8760904809696
2014,12,5,83.9559605163249
2014,12,6,81.5658415116449
2014,12,7,75.534064665127
2014,12,8,90.9156258423937
2014,12,9,84.2434888871916
2014,12,10,96.9736718823198
2014,12,11,74.87935479606
2014,12,12,89.4546902786663
2014,12,13,83.5178215052795
2015,1,1,50.251256281407
2015,1,2,80.6464024624855
2015,1,3,91.3188092466322
2015,1,4,83.5096116729715
2015,1,5,84.0015186028853
2015,1,6,81.7049948732972
2015,1,7,72.2719399538106
2015,1,8,90.9335969089765
2015,1,9,84.251126556175
2015,1,10,97.3390799212967
2015,1,11,75.0710649831427
2015,1,12,89.3419550152742
2015,1,13,83.5944704658966
2015,2,1,50.5827007377312
2015,2,2,80.6771835321277
2015,2,3,91.4768002660901
2015,2,4,82.7144290897861
2015,2,5,84.2065299924069
2015,2,6,81.9027391240662
2015,2,7,73.2823325635103
2015,2,8,90.9425824422679
2015,2,9,84.358053921943
2015,2,10,97.3390799212967
2015,2,11,75.2297216896939
2015,2,12,89.6093059805032
2015,2,13,83.7577070270478
2015,3,1,50.8499946541216
2015,3,2,80.7310504040015
2015,3,3,91.5599534342258
2015,3,4,81.9346869451092
2015,3,5,84.2900531511009
2015,3,6,82.085835652556
2015,3,7,74.1844688221708
2015,3,8,91.0234522418905
2015,3,9,84.3427785839761
2015,3,10,97.3765576688841
2015,3,11,75.1966682091624
2015,3,12,88.6208789344986
2015,3,13,83.9589219767371
2015,4,1,51.2420257314943
2015,4,2,80.9849942285494
2015,4,3,91.7262597704972
2015,4,4,81.7030803674824
2015,4,5,84.5330296127562
2015,4,6,82.1151310971144
2015,4,7,74.4298498845265
2015,4,8,91.0414233084733
2015,4,9,84.2969525700756
2015,4,10,97.3859271057809
2015,4,11,75.4544853573081
2015,4,12,86.959301062404
2015,4,13,84.1489599604064
2015,5,1,51.6661320788338
2015,5,2,81.1388995767602
2015,5,3,91.7761516713786
2015,5,4,79.4796572222651
2015,5,5,84.6469248291571
2015,5,6,82.210341291929
2015,5,7,75.584584295612
2015,5,8,91.0324377751819
2015,5,9,84.2053005422745
2015,5,10,97.4702520378525
2015,5,11,75.8511271236861
2015,5,12,86.9560074096601
2015,5,13,84.4634772206402
2015,6,1,52.1330054527958
2015,6,2,81.27741439015
2015,6,3,91.8676201563279
2015,6,4,79.3252528371805
2015,6,5,84.760820045558
2015,6,6,82.3641423758605
2015,6,7,75.7000577367205
2015,6,8,91.0324377751819
2015,6,9,84.1365615214236
2015,6,10,97.5077297854398
2015,6,11,76.0362266146625
2015,6,12,86.9023936270511
2015,6,13,84.7079497853208
2015,7,1,52.7816386899034
2015,7,2,81.3774528664871
2015,7,3,91.9590886412772
2015,7,4,79.2789315216552
2015,7,5,84.927866362946
2015,7,6,82.4154094038377
2015,7,7,75.6784064665126
2015,7,8,91.0504088417647
2015,7,9,84.4802566256778
2015,7,10,97.5170992223367
2015,7,11,76.2609902822767
2015,7,12,87.3430372320866
2015,7,13,84.8928567824706
2015,8,1,52.999037741901
2015,8,2,82.1623701423624
2015,8,3,92.0671877598536
2015,8,4,79.2712113024009
2015,8,5,85.1708428246013
2015,8,6,82.5985059323275
2015,8,7,74.5525404157043
2015,8,8,91.0504088417647
2015,8,9,84.3275032460093
2015,8,10,97.5733158437177
2015,8,11,76.4791432537846
2015,8,12,87.3673149686951
2015,8,13,84.9842817818793
2015,9,1,53.1130831462276
2015,9,2,82.8472489419007
2015,9,3,92.1586562448029
2015,9,4,79.0627653825368
2015,9,5,85.3530751708428
2015,9,6,82.642449099165
2015,9,7,73.3328521939953
2015,9,8,91.0504088417647
2015,9,9,84.5719086534789
2015,9,10,97.5733158437177
2015,9,11,76.5783036953791
2015,9,12,87.2984933594291
2015,9,13,85.1039712783303
2015,10,1,53.7902277344167
2015,10,2,82.9242016160061
2015,10,3,92.2584400465657
2015,10,4,79.0936462595537
2015,10,5,85.5960516324981
2015,10,6,82.7156877105609
2015,10,7,73.094688221709
2015,10,8,91.0863509749303
2015,10,9,84.823951729932
2015,10,10,97.5733158437177
2015,10,11,76.730349705824
2015,10,12,87.26496488312
2015,10,13,85.3038939895928
2015,11,1,54.2820485405752
2015,11,2,82.9549826856483
2015,11,3,92.3582238483286
2015,11,4,79.9969119122983
2015,11,5,85.7555049354593
2015,11,6,82.8475172110736
2015,11,7,72.5822748267898
2015,11,8,91.0773654416389
2015,11,9,85.1447338272359
2015,11,10,97.5826852806146
2015,11,11,76.8559529318437
2015,11,12,87.4026081016521
2015,11,13,85.5502985154445
2015,12,1,54.9449374532235
2015,12,2,83.178145440554
2015,12,3,92.5245301846
2015,12,4,80.0200725700609
2015,12,5,85.8238420652999
2015,12,6,82.9280796836091
2015,12,7,71.9183025404157
2015,12,8,91.0683799083475
2015,12,9,85.595356297258
2015,12,10,97.7888128923451
2015,12,11,76.9088385006941
2015,12,12,87.3673149686951
2015,12,13,85.6489222128431
2016,1,1,56.3669410884208
2016,1,2,83.3782223932281
2016,1,3,92.6243139863628
2016,1,4,80.429244190535
2016,1,5,85.8390280941533
2016,1,6,83.0818807675406
2016,1,7,70.9439953810623
2016,1,8,91.0773654416389
2016,1,9,85.5724432903078
2016,1,10,97.9480933195914
2016,1,11,76.8956171084815
2016,1,12,87.6349344929575
2016,1,13,85.7978171426601
2016,2,1,56.6235432481556
2016,2,2,83.5552135436706
2016,2,3,92.75735905538
2016,2,4,80.6145294526364
2016,2,5,85.9529233105542
2016,2,6,83.2503295737512
2016,2,7,70.4965357967667
2016,2,8,91.0773654416389
2016,2,9,85.4120522416558
2016,2,10,97.9668321933851
2016,2,11,77.1732663449461
2016,2,12,90.202888360012
2016,2,13,85.9365249072554
2016,3,1,56.3455575751095
2016,3,2,83.54751827626
2016,3,3,92.9236653916514
2016,3,4,81.6799197097197
2016,3,5,86.0668185269552
2016,3,6,83.4334261022411
2016,3,7,71.6945727482679
2016,3,8,91.1492497079701
2016,3,9,86.114717788131
2016,3,10,98.0698959992504
2016,3,11,77.3385337476036
2016,3,12,92.8262206663234
2016,3,13,86.0107118067652
2016,4,1,56.3918885206172
2016,4,2,83.8861100423239
2016,4,3,93.0068185597871
2016,4,4,81.6799197097197
2016,4,5,86.127562642369
2016,4,6,83.6018749084517
2016,4,7,72.6833140877598
2016,4,8,91.0863509749303
2016,4,9,86.2292828228824
2016,4,10,98.0605265623535
2016,4,11,77.457526277517
2016,4,12,85.7203867680668
2016,4,13,86.1491782386986
2016,5,1,56.8159948679568
2016,5,2,84.1631396691035
2016,5,3,93.0816564111092
2016,5,4,82.1045317687022
2016,5,5,86.1503416856492
2016,5,6,83.7483521312435
2016,5,7,73.1307736720554
2016,5,8,91.0863509749303
2016,5,9,86.2063698159321
2016,5,10,98.0605265623535
2016,5,11,77.788061082832
2016,5,12,92.0396112578451
2016,5,13,86.2084836145448
2016,6,1,57.0084464877579
2016,6,2,84.4863409003462
2016,6,3,93.1648095792449
2016,6,4,83.0386782984636
2016,6,5,86.1579347000759
2016,6,6,83.9241247985938
2016,6,7,74.2710739030023
2016,6,8,91.0953365082217
2016,6,9,86.58061559612
2016,6,10,98.0605265623535
2016,6,11,77.8475573477887
2016,6,12,93.070187301328
2016,6,13,86.342541888057
2016,7,1,58.0954417477458
2016,7,2,84.6094651789149
2016,7,3,93.2396474305671
2016,7,4,83.2934455338531
2016,7,5,86.1047835990888
2016,7,6,84.0852497436648
2016,7,7,73.5060623556581
2016,7,8,91.0953365082217
2016,7,9,86.6111662720537
2016,7,10,98.0980043099409
2016,7,11,78.0194354465525
2016,7,12,93.0761443882845
2016,7,13,86.4589373274507
2016,8,1,58.359171745251
2016,8,2,84.6556367833782
2016,8,3,93.4225844004656
2016,8,4,83.1236007102601
2016,8,5,86.0744115413819
2016,8,6,84.3122894389922
2016,8,7,73.4122401847575
2016,8,8,91.0953365082217
2016,8,9,86.7562819827388
2016,8,10,98.1261126206315
2016,8,11,78.0590996231903
2016,8,12,92.9596660833661
2016,8,13,86.6183971553882
2016,9,1,57.8673509390926
2016,9,2,84.7787610619469
2016,9,3,93.5140528854149
2016,9,4,83.3474870686327
2016,9,5,86.0971905846621
2016,9,6,84.4660905229236
2016,9,7,73.8019630484988
2016,9,8,91.0953365082217
2016,9,9,86.8479340105399
2016,9,10,98.1261126206315
2016,9,11,78.1318172803596
2016,9,12,92.9417948224964
2016,9,13,86.7333468194301
2016,10,1,58.7547667415089
2016,10,2,84.9018853405155
2016,10,3,93.6637285880592
2016,10,4,83.2008029028024
2016,10,5,86.1807137433561
2016,10,6,84.5613007177383
2016,10,7,74.4081986143187
2016,10,8,91.1043220415131
2016,10,9,87.3061941495455
2016,10,10,98.1261126206315
2016,10,11,78.1913135453163
2016,10,12,94.3185121279905
2016,10,13,86.9293231529339
2016,11,1,59.3748886275348
2016,11,2,84.809542131589
2016,11,3,93.7136204889406
2016,11,4,83.2162433413109
2016,11,5,86.2186788154897
2016,11,6,84.6858063571114
2016,11,7,73.8813510392609
2016,11,8,91.0953365082217
2016,11,9,87.8255556404185
2016,11,10,98.1823292420125
2016,11,11,78.2111456336352
2016,11,12,94.2849836516814
2016,11,13,87.0328224763702
2016,12,1,59.1040307922591
2016,12,2,84.8711042708734
2016,12,3,93.9131880924663
2016,12,4,83.2085231220566
2016,12,5,86.2870159453302
2016,12,6,84.8103119964845
2016,12,7,74.6896651270207
2016,12,8,91.4188157067121
2016,12,9,88.4365691590926
2016,12,10,98.1823292420125
2016,12,11,78.2375884180604
2016,12,12,94.4846803442424
2016,12,13,87.1440503594224
2017,1,1,59.5210093018282
2017,1,2,85.078876490958
2017,1,3,94.0711791119241
2017,1,4,84.0500270207673
2017,1,5,86.3249810174639
2017,1,6,84.9128460524388
2017,1,7,75.4907621247113
2017,1,8,91.4278012400035
2017,1,9,88.390743145192
2017,1,10,98.6789093975451
2017,1,11,78.3698023401864
2017,1,12,94.5535019535084
2017,1,13,87.22814742075
2017,2,1,59.9522434869382
2017,2,2,85.0557906887264
2017,2,3,94.1377016464327
2017,2,4,84.4360379834787
2017,2,5,86.4844343204252
2017,2,6,85.0300278306723
2017,2,7,75.2959006928406
2017,2,8,91.4098301734208
2017,2,9,88.5205835179103
2017,2,10,98.7163871451325
2017,2,11,78.4359093012494
2017,2,12,94.5199734771993
2017,2,13,87.3453688225063
2017,3,1,60.3371467265405
2017,3,2,85.1250480954213
2017,3,3,94.2208548145684
2017,3,4,84.2893538176484
2017,3,5,86.5603644646924
2017,3,6,85.3303061373956
2017,3,7,75.0866050808314
2017,3,8,91.4457723065863
2017,3,9,88.4060184831589
2017,3,10,98.6976482713388
2017,3,11,78.4755734778872
2017,3,12,95.8021884396691
2017,3,13,87.5322101639317
2017,4,1,60.6115684807013
2017,4,2,85.5867641400538
2017,4,3,94.3289539331448
2017,4,4,84.3356751331737
2017,4,5,86.5527714502657
2017,4,6,85.520726527025
2017,4,7,75.3464203233256
2017,4,8,91.4547578398778
2017,4,9,88.6733368975788
2017,4,10,98.7257565820294
2017,4,11,78.5482911350565
2017,4,12,95.7333668304031
2017,4,13,87.6537032588785
2017,5,1,61.1390284757119
2017,5,2,85.8945748364755
2017,5,3,94.3788458340262
2017,5,4,83.8801821971744
2017,5,5,86.7274107820804
2017,5,6,85.6745276109565
2017,5,7,75.3464203233256
2017,5,8,91.5266421062089
2017,5,9,88.6656992285954
2017,5,10,98.7632343296167
2017,5,11,78.5747339194817
2017,5,12,95.7333668304031
2017,5,13,87.7788872194501
2017,6,1,62.4541145443529
2017,6,2,86.3639861485186
2017,6,3,94.3954764676534
2017,6,4,83.8879024164286
2017,6,5,86.8185269552012
2017,6,6,85.8795957228651
2017,6,7,75.5701501154734
2017,6,8,91.5446131727917
2017,6,9,88.4518444970594
2017,6,10,98.7726037665136
2017,6,11,78.6011767039069
2017,6,12,95.6521816584416
2017,6,13,87.879667853919
2017,7,1,65.0272639794718
2017,7,2,86.3332050788764
2017,7,3,94.4287377349076
2017,7,4,83.9187832934455
2017,7,5,86.8185269552012
2017,7,6,86.0846638347736
2017,7,7,75.0072170900692
2017,7,8,91.5266421062089
2017,7,9,88.0546857099213
2017,7,10,98.6976482713388
2017,7,11,78.5086269584187
2017,7,12,95.7957819639302
2017,7,13,87.8618146747431
2017,8,1,64.4285256067572
2017,8,2,86.5640631011927
2017,8,3,94.4869449526026
2017,8,4,83.9110630741913
2017,8,5,86.712224753227
2017,8,6,86.1652263073092
2017,8,7,75.5196304849884
2017,8,8,91.5266421062089
2017,8,9,88.031772702971
2017,8,10,98.6976482713388
2017,8,11,78.5879553116943
2017,8,12,95.7307033961905
2017,8,13,87.9798976012808
2017,9,1,63.3308385901136
2017,9,2,86.4486340900346
2017,9,3,94.4952602694162
2017,9,4,83.9419439512082
2017,9,5,86.8261199696279
2017,9,6,86.2238171964259
2017,9,7,76.4001154734411
2017,9,8,91.5356276395004
2017,9,9,87.9859466890704
2017,9,10,98.7163871451325
2017,9,11,78.7333906260329
2017,9,12,95.6678388738811
2017,9,13,88.0021576065059
2017,10,1,64.2503296624968
2017,10,2,86.4871104270873
2017,10,3,94.5035755862298
2017,10,4,83.9805450474793
2017,10,5,86.9931662870159
2017,10,6,86.4948000585908
2017,10,7,75.8227482678983
2017,10,8,91.5356276395004
2017,10,9,87.8942946612693
2017,10,10,98.7163871451325
2017,10,11,78.7598334104581
2017,10,12,95.8549034447133
2017,10,13,88.2025756352109
2017,11,1,65.1947681670765
2017,11,2,86.3178145440554
2017,11,3,94.5784134375519
2017,11,4,84.3974368872075
2017,11,5,87.046317388003
2017,11,6,86.743811337337
2017,11,7,77.2228637413394
2017,11,8,91.5176565729176
2017,11,9,88.6198732146948
2017,11,10,98.744495455823
2017,11,11,78.7994975870959
2017,11,12,95.8196103117564
2017,11,13,88.3585548956654
2017,12,1,66.4029366691614
2017,12,2,86.1485186610234
2017,12,3,94.6283053384333
2017,12,4,85.0613757430711
2017,12,5,86.9552012148823
2017,12,6,86.8097260875933
2017,12,7,78.0095265588914
2017,12,8,91.4906999730433
2017,12,9,89.3072634232032
2017,12,10,98.7351260189262
2017,12,11,78.8656045481589
2017,12,12,95.8260167874953
2017,12,13,88.4008899675671
2018,1,1,65.7471755942834
2018,1,2,86.2793382070026
2018,1,3,94.6283053384333
2018,1,4,85.1771790318845
2018,1,5,86.9400151860288
2018,1,6,87.0660612274791
2018,1,7,78.0167436489607
2018,1,8,91.4637433731692
2018,1,9,88.6122355457114
2018,1,10,99.1192729316967
2018,1,11,78.8986580286904
2018,1,12,94.9167965285736
2018,1,13,88.4356275289373
2018,2,1,65.2125877615025
2018,2,2,86.2408618699499
2018,2,3,94.6033593879926
2018,2,4,85.5863506523585
2018,2,5,86.8716780561883
2018,2,6,87.2784532005273
2018,2,7,78.2332563510392
2018,2,8,91.571569772666
2018,2,9,89.3072634232032
2018,2,10,99.1286423685936
2018,2,11,78.9713756858597
2018,2,12,94.7738264416165
2018,2,13,88.3201665048265
2018,3,1,65.5083930289746
2018,3,2,86.4178530203924
2018,3,3,94.6199900216198
2018,3,4,85.671273064155
2018,3,5,87.0615034168564
2018,3,6,87.5421122015526
2018,3,7,78.2621247113163
2018,3,8,91.5356276395004
2018,3,9,89.5440311616894
2018,3,10,99.1286423685936
2018,3,11,78.9845970780723
2018,3,12,94.7261697459641
2018,3,13,88.3680202293597
2018,4,1,65.4335507323853
2018,4,2,86.7641400538668
2018,4,3,94.7114585065691
2018,4,4,85.7253145989346
2018,4,5,87.1070615034168
2018,4,6,87.7545041746008
2018,4,7,78.7384526558891
2018,4,8,91.5176565729176
2018,4,9,89.3530894371037
2018,4,10,99.1567506792841
2018,4,11,79.1961393534739
2018,4,12,94.6579783552295
2018,4,13,88.3942468145703
2018,5,1,65.9075519441177
2018,5,2,86.8333974605617
2018,5,3,94.8777648428405
2018,5,4,86.1113255616459
2018,5,5,87.2513287775246
2018,5,6,87.8863336751135
2018,5,7,79.6911085450346
2018,5,8,91.5176565729176
2018,5,9,89.4600168028717
2018,5,10,99.1567506792841
2018,5,11,79.2622463145369
2018,5,12,94.6698925291426
2018,5,13,88.3774832449432
2018,6,1,66.8448626109269
2018,6,2,86.9949980761831
2018,6,3,94.9359720605355
2018,6,4,86.1962479734424
2018,6,5,87.3196659073652
2018,6,6,88.0840779258825
2018,6,7,79.4601616628175
2018,6,8,91.4906999730433
2018,6,9,89.4676544718551
2018,6,10,99.1567506792841
2018,6,11,79.2820784028558
2018,6,12,94.6882131787946
2018,6,13,88.4492211904204
2018,7,1,67.3901422003635
2018,7,2,87.1258176221623
2018,7,3,94.8943954764676
2018,7,4,86.250289508222
2018,7,5,87.380410022779
2018,7,6,88.1866119818368
2018,7,7,79.2219976905311
2018,7,8,92.4072243687662
2018,7,9,89.4141907889711
2018,7,10,99.2129673006652
2018,7,11,79.3283532755999
2018,7,12,94.9028491389794
2018,7,13,88.5298272744311
2018,8,1,68.0886703018639
2018,8,2,87.2720277029626
2018,8,3,94.9193414269083
2018,8,4,86.2580097274762
2018,8,5,87.2285497342444
2018,8,6,88.3111176212099
2018,8,7,79.3519053117782
2018,8,8,92.0388175038188
2018,8,9,89.482929809822
2018,8,10,99.2129673006652
2018,8,11,79.4936206782574
2018,8,12,94.8633635757138
2018,8,13,88.6359319593827
2018,9,1,69.0794397519512
2018,9,2,87.3720661792997
2018,9,3,94.9110261100947
2018,9,4,86.2657299467304
2018,9,5,87.1526195899772
2018,9,6,88.5894243445144
2018,9,7,79.3663394919168
2018,9,8,92.0837451702758
2018,9,9,89.2919880852363
2018,9,10,99.2504450482526
2018,9,11,79.5266741587889
2018,9,12,94.9705911409317
2018,9,13,88.6025978299299
2018,10,1,69.3502975872269
2018,10,2,87.4490188534051
2018,10,3,94.9110261100947
2018,10,4,86.7521037597467
2018,10,5,87.046317388003
2018,10,6,88.7359015673062
2018,10,7,80.2035219399538
2018,10,8,92.0747596369844
2018,10,9,89.8800885969602
2018,10,10,99.2504450482526
2018,10,11,79.4803992860448
2018,10,12,95.1618481420726
2018,10,13,88.6215485478933
2018,11,1,69.0402366442139
2018,11,2,87.4567141208157
2018,11,3,94.9692333277897
2018,11,4,87.0840731876785
2018,11,5,87.0766894457099
2018,11,6,88.8604072066793
2018,11,7,78.3198614318706
2018,11,8,92.4521520352232
2018,11,9,90.1855953562972
2018,11,10,99.2504450482526
2018,11,11,79.5134527665763
2018,11,12,94.524439837722
2018,11,13,88.6784568997211
2018,12,1,69.4892904237499
2018,12,2,87.3720661792997
2018,12,3,94.9858639614169
2018,12,4,87.0068709951362
2018,12,5,87.0007593014426
2018,12,6,88.8457594844001
2018,12,7,77.1073903002309
2018,12,8,92.4611375685147
2018,12,9,90.521652791568
2018,12,10,99.2504450482526
2018,12,11,79.5134527665763
2018,12,12,94.4441534433252
2018,12,13,88.6254048984625
2019,1,1,72.1622295876545
2019,1,2,87.3720661792997
2019,1,3,94.9609180109762
2019,1,4,86.7907048560179
2019,1,5,86.9552012148823
2019,1,6,88.794492456423
2019,1,7,75.8949191685912
2019,1,8,92.4611375685147
2019,1,9,89.4141907889711
2019,1,10,99.5034198444673
2019,1,11,79.5861704237456
2019,1,12,94.4798959650645
2019,1,13,88.2641113694112
2019,2,1,72.1194625610321
2019,2,2,87.7568295498268
2019,2,3,95.0690171295526
2019,2,4,86.9682698988651
2019,2,5,86.9248291571754
2019,2,6,89.0435037351691
2019,2,7,76.9197459584295
2019,2,8,92.4791086350974
2019,2,9,89.9411899488276
2019,2,10,99.4940504075704
2019,2,11,79.6456666887023
2019,2,12,94.2952262694115
2019,2,13,88.0472279624485
2019,3,1,71.9056274279197
2019,3,2,88.2801077337437
2019,3,3,94.8611342092133
2019,3,4,86.9296688025939
2019,3,5,86.9779802581624
2019,3,6,89.4023729310092
2019,3,7,77.9517898383371
2019,3,8,92.4431665019318
2019,3,9,89.1163216986175
2019,3,10,99.5034198444673
2019,3,11,79.6787201692338
2019,3,12,94.2952262694115
2019,3,13,88.2171419824692
2019,4,1,72.4651626928971
2019,4,2,88.3647556752597
2019,4,3,94.8943954764676
2019,4,4,86.9373890218482
2019,4,5,86.9248291571754
2019,4,6,89.6733557931741
2019,4,7,79.9437066974595
2019,4,8,92.0567885704016
2019,4,9,89.895363934927
2019,4,10,99.4940504075704
2019,4,11,79.9233159251669
2019,4,12,94.2259552713632
2019,4,13,88.3905632607436
2019,5,1,72.5435689083716
2019,5,2,88.3339746056175
2019,5,3,94.8611342092133
2019,5,4,87.8792557708638
2019,5,5,87.0235383447228
2019,5,6,89.8418045993848
2019,5,7,80.4705542725173
2019,5,8,92.2634558361038
2019,5,9,89.8189872450927
2019,5,10,99.4940504075704
2019,5,11,80.0885833278244
2019,5,12,94.7323076626697
2019,5,13,88.7375250158476
2019,6,1,73.6270002494743
2019,6,2,88.426317814544
2019,6,3,94.7364044570098
2019,6,4,87.6939705087624
2019,6,5,87.213363705391
2019,6,6,90.0395488501537
2019,6,7,80.3695150115473
2019,6,8,98.3107197412166
2019,6,9,89.3072634232032
2019,6,10,99.4940504075704
2019,6,11,80.1480795927811
2019,6,12,94.6910574427563
2019,6,13,88.7638871022149
2019,7,1,73.5022630884921
2019,7,2,88.1108118507118
2019,7,3,94.6366206552469
2019,7,4,87.5009650274067
2019,7,5,87.0766894457099
2019,7,6,90.2812362677603
2019,7,7,80.7953233256351
2019,7,8,98.319705274508
2019,7,9,89.2461620713358
2019,7,10,99.578375339642
2019,7,11,80.1679116811
2019,7,12,94.5205159664465
2019,7,13,88.7568771785999
2019,8,1,72.1586656687693
2019,8,2,88.0184686417853
2019,8,3,94.7197738233826
2019,8,4,87.5164054659152
2019,8,5,87.2057706909643
2019,8,6,90.4789805185293
2019,8,7,79.4240762124711
2019,8,8,98.319705274508
2019,8,9,89.3454517681203
2019,8,10,99.578375339642
2019,8,11,80.2009651616315
2019,8,12,94.4852228334896
2019,8,13,88.8921556666209
2019,9,1,71.1073095976335
2019,9,2,88.3185840707964
2019,9,3,94.7613504074505
2019,9,4,87.6553694124913
2019,9,5,87.1222475322703
2019,9,6,90.5522191299252
2019,9,7,79.9364896073903
2019,9,8,98.2837631413424
2019,9,9,88.5358588558771
2019,9,10,99.4472032230862
2019,9,11,80.1877437694189
2019,9,12,94.5893375757126
2019,9,13,88.9076513054874
2019,10,1,72.2584553975551
2019,10,2,88.426317814544
2019,10,3,94.7530350906369
2019,10,4,87.0145912143904
2019,10,5,87.1374335611237
2019,10,6,90.5595429910648
2019,10,7,80.5715935334873
2019,10,8,98.364632940965
2019,10,9,88.9330176430153
2019,10,10,99.4472032230862
2019,10,11,80.2009651616315
2019,10,12,94.5893375757126
2019,10,13,89.071820050469
2019,11,1,72.7360205281727
2019,11,2,88.241631396691
2019,11,3,94.6532512888741
2019,11,4,87.6013278777117
2019,11,5,87.1146545178435
2019,11,6,90.7353156584151
2019,11,7,81.0118360277136
2019,11,8,98.3466618743822
2019,11,9,89.8495379210264
2019,11,10,99.4472032230862
2019,11,11,80.2274079460567
2019,11,12,94.5719157036253
2019,11,13,89.1611830145289
2019,12,1,73.6270002494743
2019,12,2,87.9030396306271
2019,12,3,94.4287377349076
2019,12,4,88.087701690728
2019,12,5,86.9172361427486
2019,12,6,90.8305258532298
2019,12,7,81.2933025404157
2019,12,8,98.319705274508
2019,12,9,90.0175666386618
2019,12,10,99.4472032230862
2019,12,11,80.300125603226
2019,12,12,95.172863538421
2019,12,13,89.3016496727456
2020,1,1,73.1066680922342
2020,1,2,87.8568680261639
2020,1,3,94.3954764676534
2020,1,4,88.1417432255076
2020,1,5,87.1070615034168
2020,1,6,91.1015087153947
2020,1,7,80.7953233256351
2020,1,8,100.008985533291
2020,1,9,89.3683647750706
2020,1,10,99.6345919610231
2020,1,11,80.7033780657103
2020,1,12,94.5895184054616
2020,1,13,89.3774256913441
2020,2,1,72.5649524216829
2020,2,2,87.872258560985
2020,2,3,94.4536836853484
2020,2,4,88.0182197174399
2020,2,5,87.2057706909643
2020,2,6,91.2846052438845
2020,2,7,79.6622401847574
2020,2,8,99.9910144667086
2020,2,9,89.2919880852363
2020,2,10,99.6439613979199
2020,2,11,80.9016989488993
2020,2,12,94.618854451462
2020,2,13,89.4790854422387
2020,3,1,73.5272105206885
2020,3,2,88.1185071181223
2020,3,3,94.4619990021619
2020,3,4,87.9101366478808
2020,3,5,87.3120728929385
2020,3,6,91.4530540500952
2020,3,7,79.092090069284
2020,3,8,100.008985533291
2020,3,9,88.963568318949
2020,3,10,99.6439613979199
2020,3,11,80.9678059099623
2020,3,12,94.618854451462
2020,3,13,89.4174229377101
2020,4,1,75.2699668555543
2020,4,2,88.2031550596383
2020,4,3,94.4453683685348
2020,4,4,87.8869759901181
2020,4,5,87.3955960516324
2020,4,6,91.4750256335139
2020,4,7,76.2413394919168
2020,4,8,100
2020,4,9,89.0628580157335
2020,4,10,99.6439613979199
2020,4,11,81.0140807827064
2020,4,12,94.618854451462
2020,4,13,89.4195781199489
2020,5,1,76.0469011725293
2020,5,2,88.3185840707964
2020,5,3,94.4037917844669
2020,5,4,86.0495638076121
2020,5,5,87.4943052391799
2020,5,6,91.6434744397246
2020,5,7,75.7000577367205
2020,5,8,100.035942133165
2020,5,9,89.017032001833
2020,5,10,99.6439613979199
2020,5,11,81.0471342632379
2020,5,12,94.6523829277711
2020,5,13,89.4822339674358
2020,6,1,78.2494030435867
2020,6,2,88.341669873028
2020,6,3,94.4121071012805
2020,6,4,86.080444684629
2020,6,5,87.5854214123006
2020,6,6,91.7753039402372
2020,6,7,77.1073903002309
2020,6,8,100.026956599874
2020,6,9,89.0552203467501
2020,6,10,99.6439613979199
2020,6,11,81.1529054009387
2020,6,12,94.8608809712503
2020,6,13,89.4278476984525
2020,7,1,78.8303218218753
2020,7,2,88.4032320123124
2020,7,3,94.4121071012805
2020,7,4,86.0650042461205
2020,7,5,87.6917236142748
2020,7,6,91.9657243298667
2020,7,7,77.872401847575
2020,7,8,100
2020,7,9,89.0399450087833
2020,7,10,99.5877447765389
2020,7,11,81.3380048919151
2020,7,12,95.5812391042103
2020,7,13,89.3725738855193
2020,8,1,79.3007591147225
2020,8,2,88.780300115429
2020,8,3,94.4204224180941
2020,8,4,86.0341233691036
2020,8,5,87.8587699316628
2020,8,6,91.9510766075875
2020,8,7,78.9116628175519
2020,8,8,99.9910144667086
2020,8,9,89.1163216986175
2020,8,10,99.5877447765389
2020,8,11,81.3842797646592
2020,8,12,97.6878338413981
2020,8,13,89.603409546202
2020,9,1,78.9621868206279
2020,9,2,88.8033859176606
2020,9,3,94.3372692499584
2020,9,4,85.9569211765614
2020,9,5,87.9422930903568
2020,9,6,92.1268492749377
2020,9,7,82.2964780600461
2020,9,8,100.026956599874
2020,9,9,89.070495684717
2020,9,10,99.5877447765389
2020,9,11,81.2322337542143
2020,9,12,97.4854737146245
2020,9,13,89.9778164978461
2020,10,1,79.4041127623935
2020,10,2,88.8880338591766
2020,10,3,94.3372692499584
2020,10,4,88.3193082683548
2020,10,5,87.9043280182232
2020,10,6,92.3392412479859
2020,10,7,87.8392032332563
2020,10,8,100.143768532662
2020,10,9,89.0857710226838
2020,10,10,99.5877447765389
2020,10,11,81.1132412243009
2020,10,12,97.4854737146245
2020,10,13,90.0709416365174
2020,11,1,80.3449873480879
2020,11,2,88.8880338591766
2020,11,3,94.3289539331448
2020,11,4,88.6975990118119
2020,11,5,88.048595292331
2020,11,6,92.5955763878716
2020,11,7,87.5649538106235
2020,11,8,100.143768532662
2020,11,9,88.9330176430153
2020,11,10,99.5877447765389
2020,11,11,81.3908904607655
2020,11,12,97.5510016711466
2020,11,13,89.9382795589507
2020,12,1,80.0171068106489
2020,12,2,88.9572912658714
2020,12,3,94.2541160818227
2020,12,4,88.736200108083
2020,12,5,87.8511769172361
2020,12,6,92.8445876666178
2020,12,7,89.3475750577367
2020,12,8,100.152754065953
2020,12,9,89.3149010921866
2020,12,10,99.6064836503326
2020,12,11,81.291730019171
2020,12,12,97.5510016711466
2020,12,13,89.7581395832662
2021,1,1,79.8317830286182
2021,1,2,88.9342054636398
2021,1,3,94.1792782305005
2021,1,4,89.2688952366247
2021,1,5,87.9422930903568
2021,1,6,92.9764171671305
2021,1,7,90.9136836027713
2021,1,8,100.32347919849
2021,1,9,89.5287558237225
2021,1,10,99.4378337861894
2021,1,11,81.4636081179348
2021,1,12,97.4821800618805
2021,1,13,89.8610928074692
2021,2,1,80.0064150539933
2021,2,2,89.0573297422085
2021,2,3,94.170962913687
2021,2,4,90.4192079055045
2021,2,5,87.9422930903568
2021,2,6,93.254723890435
2021,2,7,91.5993071593533
2021,2,8,100.341450265073
2021,2,9,89.5058428167723
2021,2,10,99.400356038602
2021,2,11,81.5164936867852
2021,2,12,99.01910849667
2021,2,13,90.0751219484818
2021,3,1,79.9707758651413
2021,3,2,89.2881877645248
2021,3,3,94.1044403791784
2021,3,4,90.7974986489616
2021,3,5,88.1852695520121
2021,3,6,93.3938772520872
2021,3,7,93.8438221709006
2021,3,8,100.476233264444
2021,3,9,90.2161460322309
2021,3,10,99.400356038602
2021,3,11,81.8933033648443
2021,3,12,99.01910849667
2021,3,13,90.2032686279238
2021,4,1,80.138280052746
2021,4,2,89.5498268564832
2021,4,3,94.1293863296191
2021,4,4,90.9905041303173
2021,4,5,88.3978739559605
2021,4,6,93.4378204189248
2021,4,7,93.7644341801385
2021,4,8,100.467247731152
2021,4,9,89.5669441686397
2021,4,10,99.400356038602
2021,4,11,82.0321279830766
2021,4,12,99.01910849667
2021,4,13,90.2358413554819
2021,5,1,80.1454078905164
2021,5,2,89.7114274721046
2021,5,3,94.1460169632462
2021,5,4,91.3070331197405
2021,5,5,88.6484434320425
2021,5,6,93.5476783360187
2021,5,7,94.5799653579676
2021,5,8,100.64695839698
2021,5,9,89.5822195066065
2021,5,10,99.400356038602
2021,5,11,82.2568916506908
2021,5,12,99.0544016296269
2021,5,13,90.2431565331215
2021,6,1,80.3770626180548
2021,6,2,89.7806848787995
2021,6,3,94.1543322800598
2021,6,4,91.4073959700455
2021,6,5,88.7547456340167
2021,6,6,93.6062692251354
2021,6,7,95.0346420323325
2021,6,8,100.628987330398
2021,6,9,89.6280455205071
2021,6,10,99.3909866017052
2021,6,11,82.2502809545845
2021,6,12,99.087930105936
2021,6,13,90.2644586928133
2021,7,1,80.7797854520831
2021,7,2,89.7960754136206
2021,7,3,94.1626475968734
2021,7,4,91.5231992588589
2021,7,5,89.1040242976461
2021,7,6,93.7307748645085
2021,7,7,95.6841801385681
2021,7,8,100.620001797106
2021,7,9,89.5516688306728
2021,7,10,99.400356038602
2021,7,11,82.349441396179
2021,7,12,99.087930105936
2021,7,13,90.4111869689929
2021,8,1,81.0969742328664
2021,8,2,89.7806848787995
2021,8,3,94.1875935473141
2021,8,4,91.7084845209603
2021,8,5,89.552012148823
2021,8,6,93.9724622821151
2021,8,7,95.2583718244803
2021,8,8,100.566088597358
2021,8,9,89.841900252043
2021,8,10,99.400356038602
2021,8,11,82.4089376611357
2021,8,12,99.1232232388929
2021,8,13,90.5518188196822
2021,9,1,81.3963434192237
2021,9,2,90.1346671796844
2021,9,3,94.2042241809412
2021,9,4,92.1253763606886
2021,9,5,89.7646165527714
2021,9,6,94.1189395049069
2021,9,7,95.1573325635103
2021,9,8,100.566088597358
2021,9,9,89.6585961964408
2021,9,10,99.400356038602
2021,9,11,82.4486018377735
2021,9,12,99.1232232388929
2021,9,13,90.6619470516497
2021,10,1,81.6850208489254
2021,10,2,90.1115813774528
2021,10,3,94.2707467154498
2021,10,4,92.6194703929591
2021,10,5,90.0607441154138
2021,10,6,94.1409110883257
2021,10,7,96.138856812933
2021,10,8,100.718842663312
2021,10,9,89.4523791338883
2021,10,10,99.400356038602
2021,10,11,82.9311826535334
2021,10,12,98.8313259780221
2021,10,13,90.6883066790864
2021,11,1,82.0699240885277
2021,11,2,90.5194305502116
2021,11,3,94.4037917844669
2021,11,4,93.5613371419748
2021,11,5,90.4100227790432
2021,11,6,94.1702065328841
2021,11,7,96.8966512702078
2021,11,8,100.727828196603
2021,11,9,90.0786679905292
2021,11,10,99.4097254754989
2021,11,11,83.2881602432736
2021,11,12,101.92305410847
2021,11,13,90.8602878472984
2021,12,1,82.4869025980968
2021,12,2,90.6733358984224
2021,12,3,94.6199900216198
2021,12,4,92.7043928047556
2021,12,5,91.0630220197418
2021,12,6,94.3020360333968
2021,12,7,95.9439953810623
2021,12,8,100.611016263815
2021,12,9,91.0486519514244
2021,12,10,99.4097254754989
2021,12,11,83.7244661862894
2021,12,12,101.457951937077
2021,12,13,90.9533121481515
2022,1,1,82.3051427349513
2022,1,2,90.865717583686
2022,1,3,94.886080159654
2022,1,4,93.0981239867212
2022,1,5,91.2832194381169
2022,1,6,94.4851325618866
2022,1,7,95.3305427251732
2022,1,8,100.620001797106
2022,1,9,91.2243183380432
2022,1,10,99.4659420968799
2022,1,11,83.9822833344351
2022,1,12,100.877900456862
2022,1,13,91.1114604345155
2022,2,1,82.5617448946862
2022,2,2,91.0811850711812
2022,2,3,95.3434225844004
2022,2,4,93.6385393345171
2022,2,5,92.0652999240698
2022,2,6,94.7048483960744
2022,2,7,96.9110854503464
2022,2,8,99.8742025339203
2022,2,9,91.0715649583746
2022,2,10,99.4659420968799
2022,2,11,84.2533218747934
2022,2,12,100.946722066128
2022,2,13,91.3708197331927
2022,3,1,83.9017783955237
2022,3,2,91.6275490573297
2022,3,3,95.5014136038582
2022,3,4,95.4296302014977
2022,3,5,93.0751708428246
2022,3,6,94.9831551193789
2022,3,7,100.786662817551
2022,3,8,99.7484050678407
2022,3,9,91.5985641182311
2022,3,10,99.4753115337768
2022,3,11,85.4234150856084
2022,3,12,100.982015199085
2022,3,13,92.0569471119395
2022,4,1,84.6430735236466
2022,4,2,92.581762216237
2022,4,3,95.6594046233161
2022,4,4,94.317918628889
2022,4,5,94.0318906605922
2022,4,6,95.0930130364728
2022,4,7,102.049653579676
2022,4,8,99.6765208015095
2022,4,9,91.8506071946841
2022,4,10,99.4846809706736
2022,4,11,85.9456600780061
2022,4,12,100.532570243131
2022,4,13,92.7953635410321
2022,5,1,85.9332121600912
2022,5,2,93.4744132358599
2022,5,3,96.1084317312489
2022,5,4,95.4373504207519
2022,5,5,94.7532270311313
2022,5,6,95.4445583711732
2022,5,7,105.463337182448
2022,5,8,99.7304340012579
2022,5,9,92.1790269609714
2022,5,10,99.4846809706736
2022,5,11,87.0430356316519
2022,5,12,98.8467146344282
2022,5,13,93.2746541290324
2022,6,1,88.93759578032
2022,6,2,94.4901885340515
2022,6,3,96.3994678197239
2022,6,4,95.5531537095653
2022,6,5,95.6340167046317
2022,6,6,95.9279332063863
2022,6,7,105.961316397228
2022,6,8,100.530146464192
2022,6,9,92.4310700374245
2022,6,10,99.4753115337768
2022,6,11,88.1338004891915
2022,6,12,98.8820077673851
2022,6,13,93.9007208069548
2022,7,1,91.0474357603621
2022,7,2,95.1519815313582
2022,7,3,96.6239813736903
2022,7,4,95.7384389716667
2022,7,5,96.5831435079726
2022,7,6,96.133001318295
2022,7,7,103.991050808314
2022,7,8,100.521160930901
2022,7,9,92.9657068662644
2022,7,10,99.5690059027452
2022,7,11,89.0725193362861
2022,7,12,98.8820077673851
2022,7,13,94.2575222164797
2022,8,1,91.8849566983855
2022,8,2,95.9138130050019
2022,8,3,96.8318642940296
2022,8,4,96.7575079132247
2022,8,5,97.3576309794988
2022,8,6,96.3380694302036
2022,8,7,104.387990762124
2022,8,8,100.539131997484
2022,8,9,93.1490109218666
2022,8,10,99.5971142134357
2022,8,11,89.4823824948767
2022,8,12,98.9155362436942
2022,8,13,94.8098367598154
2022,9,1,92.048896967105
2022,9,2,96.483262793382
2022,9,3,97.114585065691
2022,9,4,98.2089091330193
2022,9,5,97.8208048595292
2022,9,6,96.5211659586934
2022,9,7,104.481812933025
2022,9,8,100.368406864947
2022,9,9,93.5461697090048
2022,9,10,99.5971142134357
2022,9,11,90.1170093210814
2022,9,12,98.9155362436942
2022,9,13,95.1440446594697
2022,10,1,92.7901920952279
2022,10,2,96.9834551750673
2022,10,3,97.4471977382338
2022,10,4,97.0508762448853
2022,10,5,98.4054669703872
2022,10,6,97.0118646550461
2022,10,7,110.753464203233
2022,10,8,100.350435798364
2022,10,9,93.9280531581761
2022,10,10,99.5971142134357
2022,10,11,90.989621207113
2022,10,12,99.4516740697836
2022,10,13,95.7495559993282
2022,11,1,92.0239495349085
2022,11,2,97.375913813005
2022,11,3,97.8795942125394
2022,11,4,97.3288041380375
2022,11,5,98.8534548215641
2022,11,6,97.2681997949318
2022,11,7,112.687644341801
2022,11,8,100.233623865576
2022,11,9,94.9744138089055
2022,11,10,99.5971142134357
2022,11,11,91.7564619554438
2022,11,12,99.4516740697836
2022,11,13,95.9707273804182
2022,12,1,92.1843258847428
2022,12,2,97.5913813005001
2022,12,3,98.2870447364044
2022,12,4,97.5912915926812
2022,12,5,99.0736522399392
2022,12,6,97.6636882964699
2022,12,7,112.204099307159
2022,12,8,100.251594932159
2022,12,9,96.5630489574581
2022,12,10,99.5971142134357
2022,12,11,92.0208897996958
2022,12,12,100.969832466138
2022,12,13,96.4116365860733
2023,1,1,93.2641933069603
2023,1,2,97.8222393228164
2023,1,3,98.4866123399301
2023,1,4,97.6684937852235
2023,1,5,99.1495823842065
2023,1,6,97.8174893804013
2023,1,7,108.97084295612
2023,1,8,100.251594932159
2023,1,9,97.0747727793477
2023,1,10,99.9250445048252
2023,1,11,92.7745091558141
2023,1,12,101.068439510187
2023,1,13,96.7007592895432
2023,2,1,95.2564239637905
2023,2,2,98.2531742978068
2023,2,3,98.7194412107101
2023,2,4,98.4250752721377
2023,2,5,99.217919514047
2023,2,6,98.073824520287
2023,2,7,104.424076212471
2023,2,8,100.224638332285
2023,2,9,95.2188192163751
2023,2,10,99.9250445048252
2023,2,11,93.1909830105109
2023,2,12,100.383374510184
2023,2,13,97.0815444362906
2023,3,1,96.1901707117146
2023,3,2,98.6302424009234
2023,3,3,98.95227008149
2023,3,4,98.0004632131552
2023,3,5,99.3697798025816
2023,3,6,98.308188076754
2023,3,7,103.060046189376
2023,3,8,100.134782999371
2023,3,9,94.9896891468723
2023,3,10,99.9250445048252
2023,3,11,93.8784954055661
2023,3,12,100.42507411888
2023,3,13,97.4278130979414
2023,4,1,95.8979293631277
2023,4,2,98.9380530973451
2023,4,3,99.1019457841343
2023,4,4,97.3288041380375
2023,4,5,99.5216400911161
2023,4,6,98.6011425223377
2023,4,7,104.885969976905
2023,4,8,100.143768532662
2023,4,9,97.3191781868173
2023,4,10,99.9437833786189
2023,4,11,94.6453361538969
2023,4,12,100.704607817055
2023,4,13,98.0235588221036
2023,5,1,95.5664849068035
2023,5,2,99.1612158522508
2023,5,3,99.0271079328122
2023,5,4,97.3519647958002
2023,5,5,99.8177676537585
2023,5,6,98.8208583565255
2023,5,7,102.670323325635
2023,5,8,100.161739599245
2023,5,9,95.1577178645077
2023,5,10,99.9437833786189
2023,5,11,95.0485886163812
2023,5,12,100.704607817055
2023,5,13,98.5398869056477
2023,6,1,96.0868170640436
2023,6,2,99.4690265486725
2023,6,3,99.06868451688
2023,6,4,98.1239867212228
2023,6,5,100.037965072133
2023,6,6,99.0552219129925
2023,6,7,100.988741339491
2023,6,8,100.161739599245
2023,6,9,96.0818758115023
2023,6,10,99.9437833786189
2023,6,11,95.4386196866529
2023,6,12,100.151228948628
2023,6,13,98.9949931315217
2023,7,1,96.9956163797712
2023,7,2,99.6614082339361
2023,7,3,99.2266755363379
2023,7,4,99.0195321547131
2023,7,5,100.41761579347
2023,7,6,99.1870514135052
2023,7,7,101.681581986143
2023,7,8,100.188696199119
2023,7,9,96.8456427098449
2023,7,10,99.9906305631031
2023,7,11,95.947643286838
2023,7,12,100.151228948628
2023,7,13,99.3360862750953
2023,8,1,97.8794682633023
2023,8,2,99.8383993843786
2023,8,3,99.4428737734907
2023,8,4,99.0040917162047
2023,8,5,100.53151100987
2023,8,6,99.4507104145305
2023,8,7,103.254907621247
2023,8,8,100.179710665828
2023,8,9,95.3410219201099
2023,8,10,100
2023,8,11,97.1243471937594
2023,8,12,100.461808518649
2023,8,13,99.71085240392
2023,9,1,98.8345985245375
2023,9,2,100
2023,9,3,99.5676035256943
2023,9,4,100.015440438508
2023,9,5,100.334092634776
2023,9,6,99.6850739709975
2023,9,7,102.627020785219
2023,9,8,100.143768532662
2023,9,9,95.6541663484304
2023,9,10,100
2023,9,11,97.6135387056256
2023,9,12,101.211952086391
2023,9,13,99.8728805685943
2023,10,1,101.286574717559
2023,10,2,100.192381685263
2023,10,3,99.7588558124064
2023,10,4,100.054041534779
2023,10,5,100.326499620349
2023,10,6,99.7583125823934
2023,10,7,102.71362586605
2023,10,8,100.107826399496
2023,10,9,96.2575421981211
2023,10,10,100
2023,10,11,98.4861505916572
2023,10,12,100.62815756465
2023,10,13,100.035987478027
2023,11,1,99.8218040557396
2023,11,2,99.7383609080415
2023,11,3,99.825378346915
2023,11,4,100.254767235389
2023,11,5,100.303720577069
2023,11,6,99.9121136663248
2023,11,7,99.949480369515
2023,11,8,100.107826399496
2023,11,9,99.2056824257236
2023,11,10,100
2023,11,11,99.6959079791101
2023,11,12,100.61028630378
2023,11,13,100.072421853145
2023,12,1,100
2023,12,2,100
2023,12,3,100
2023,12,4,100
2023,12,5,100
2023,12,6,100
2023,12,7,100
2023,12,8,100
2023,12,9,100
2023,12,10,100
2023,12,11,100
2023,12,12,100
2023,12,13,100
2024,1,1,100.032733
2024,1,2,99.760038
2024,1,3,99.985934
2024,1,4,99.437908
2024,1,5,99.915498
2024,1,6,100.027874
2024,1,7,100.71205
2024,1,8,100.073554
2024,1,9,99.994167
2024,1,10,100.128292
2024,1,11,100.205614
2024,1,12,99.999744
2024,1,13,99.915135
2024,2,1,99.912146
2024,2,2,99.174107
2024,2,3,100.198469
2024,2,4,99.372912
2024,2,5,99.944507
2024,2,6,100.082157
2024,2,7,102.225238
2024,2,8,100.149478
2024,2,9,100.020028
2024,2,10,100.329514
2024,2,11,100.571485
2024,2,12,100.008228
2024,2,13,99.792114
2024,3,1,100.116507
2024,3,2,99.148478
2024,3,3,100.259988
2024,3,4,99.409306
2024,3,5,99.980089
2024,3,6,100.130634
2024,3,7,104.258724
2024,3,8,100.209544
2024,3,9,100.208162
2024,3,10,100.472378
2024,3,11,100.810269
2024,3,12,100.545902
2024,3,13,99.741814
2024,4,1,100.233438
2024,4,2,99.279892
2024,4,3,100.31637
2024,4,4,99.604916
2024,4,5,100.067813
2024,4,6,100.158233
2024,4,7,106.128299
2024,4,8,100.288349
2024,4,9,100.281674
2024,4,10,100.476692
2024,4,11,101.010293
2024,4,12,100.529378
2024,4,13,100.012712
2024,5,1,100.854774
2024,5,2,99.253579
2024,5,3,100.404605
2024,5,4,99.73127
2024,5,5,100.105473
2024,5,6,100.329175
2024,5,7,103.946197
2024,5,8,100.222305
2024,5,9,100.31686
2024,5,10,100.476692
2024,5,11,101.187661
2024,5,12,100.44677
2024,5,13,100.01403
2024,6,1,101.524464529864
2024,6,2,99.3532660208043
2024,6,3,100.472138382851
2024,6,4,99.8068942500969
2024,6,5,100.163761247779
2024,6,6,100.476996172317
2024,6,7,102.682099580796
2024,6,8,100.448062595025
2024,6,9,100.398798850302
2024,6,10,100.470432605361
2024,6,11,101.450062868524
2024,6,12,100.665830346326
2024,6,13,100.093786547104
2024,7,1,104.626077215581
2024,7,2,99.2742910529143
2024,7,3,100.504641822744
2024,7,4,96.9553899426493
2024,7,5,100.110585958094
2024,7,6,100.664136598092
2024,7,7,102.911466252008
2024,7,8,100.531331553176
2024,7,9,100.364319012377
2024,7,10,100.609952574253
2024,7,11,102.060185890479
2024,7,12,100.764960641592
2024,7,13,100.196415032491
